student_id,attendance,assignment_score,quiz_score,exam_score,gpa
1,74.67,84.22,74.32,73.42,3.67
2,96.16,44.21,68.81,46.49,2.32
3,50.79,91.87,69.48,96.0,4.8
4,86.5,69.97,83.32,60.01,3.0
5,94.44,66.31,96.26,53.14,2.66
6,53.08,76.66,45.48,69.79,3.49
7,72.5,77.45,41.17,56.62,2.83
8,60.24,47.92,88.34,72.09,3.6
9,78.33,85.37,46.49,60.91,3.05
10,82.48,56.56,99.2,47.92,2.4
11,65.13,94.3,77.16,55.95,2.8
12,73.0,89.07,79.05,66.31,3.32
13,63.97,60.78,51.93,41.82,2.09
14,68.47,88.46,54.42,86.24,4.31
15,57.98,61.38,79.56,77.31,3.87
16,94.28,46.06,94.58,76.08,3.8
17,50.5,97.71,98.94,72.76,3.64
18,94.12,79.16,51.88,75.42,3.77
19,78.58,67.37,48.05,96.08,4.8
20,66.58,63.87,43.38,40.51,2.03
21,86.15,59.48,92.1,42.87,2.14
22,75.39,98.89,57.68,51.49,2.57
23,74.96,48.08,40.11,50.04,2.5
24,55.51,58.89,53.43,50.87,2.54
25,69.48,69.13,60.43,80.32,4.02
26,62.05,68.68,99.46,67.57,3.38
27,50.78,68.28,71.41,99.51,4.98
28,68.0,50.55,52.28,53.61,2.68
29,54.49,48.7,60.09,58.65,2.93
30,62.84,55.29,59.82,99.05,4.95
31,54.63,94.87,41.18,89.91,4.5
32,55.05,46.78,48.11,68.19,3.41
33,59.95,85.45,81.71,73.28,3.66
34,99.99,85.45,47.22,90.59,4.53
35,50.11,88.59,53.84,68.86,3.44
36,81.93,93.2,61.04,52.36,2.62
37,57.06,55.78,85.46,89.71,4.49
38,96.03,53.47,74.94,72.27,3.61
39,54.68,67.93,81.34,49.18,2.46
40,97.75,55.91,74.02,70.34,3.52
41,80.55,84.06,81.02,64.79,3.24
42,50.06,78.16,40.17,92.61,4.63
43,94.7,92.5,95.85,47.56,2.38
44,76.09,44.96,46.66,92.51,4.63
45,63.13,94.91,64.37,70.73,3.54
46,88.36,57.6,86.26,64.26,3.21
47,96.33,69.44,66.11,49.72,2.49
48,74.18,66.32,96.81,82.05,4.1
49,65.78,85.62,68.06,95.61,4.78
50,89.45,65.22,92.5,62.52,3.13
51,84.09,96.61,88.65,54.5,2.72
52,94.44,94.15,98.86,73.29,3.66
53,84.63,92.33,95.59,87.77,4.39
54,62.18,44.28,93.89,40.23,2.01
55,96.58,91.26,83.9,77.88,3.89
56,55.24,86.9,62.02,75.79,3.79
57,63.4,46.21,46.37,59.09,2.95
58,76.01,46.44,81.32,67.09,3.35
59,78.29,46.07,98.72,54.82,2.74
60,50.77,40.68,83.6,87.39,4.37
61,89.03,72.92,95.72,78.07,3.9
62,68.08,98.4,88.26,71.96,3.6
63,70.32,66.32,49.79,63.55,3.18
64,90.47,72.45,54.95,57.48,2.87
65,68.96,98.08,60.51,89.36,4.47
66,52.36,55.31,50.1,67.08,3.35
67,58.82,91.51,74.9,70.09,3.5
68,97.8,72.78,98.53,71.25,3.56
69,53.52,74.17,85.69,66.9,3.34
70,67.75,60.59,65.4,55.37,2.77
71,75.16,73.7,40.27,47.22,2.36
72,74.66,44.39,58.8,45.91,2.3
73,50.2,85.88,71.61,85.45,4.27
74,75.06,57.08,59.46,53.41,2.67
75,69.19,93.26,46.66,43.34,2.17
76,98.6,62.07,66.57,87.85,4.39
77,57.96,48.57,55.2,49.24,2.46
78,67.71,81.75,94.55,77.51,3.88
79,70.97,49.87,46.11,60.32,3.02
80,69.53,85.22,42.95,47.59,2.38
81,83.29,98.09,40.32,64.87,3.24
82,60.78,86.77,59.68,40.89,2.04
83,61.05,41.35,79.62,90.46,4.52
84,86.46,75.99,83.82,70.81,3.54
85,75.01,81.72,67.2,48.35,2.42
86,70.76,89.53,81.06,54.22,2.71
87,58.46,43.36,61.59,66.88,3.34
88,59.38,68.81,80.07,51.33,2.57
89,50.53,72.12,42.44,56.12,2.81
90,54.57,50.15,63.45,72.06,3.6
91,77.84,59.35,87.45,89.96,4.5
92,94.59,66.41,88.18,64.11,3.21
93,64.36,89.99,82.97,83.02,4.15
94,66.39,95.76,52.25,92.6,4.63
95,55.78,77.71,54.83,52.98,2.65
96,69.43,63.7,99.77,88.43,4.42
97,51.86,55.24,46.2,85.44,4.27
98,95.88,98.93,50.84,61.42,3.07
99,83.66,98.98,47.8,99.37,4.97
100,99.54,95.5,59.66,55.75,2.79
101,94.14,87.14,52.61,55.29,2.76
102,73.65,59.55,69.86,86.34,4.32
103,75.98,89.02,68.56,66.08,3.3
104,59.53,64.53,94.09,59.85,2.99
105,73.1,59.61,42.08,50.72,2.54
106,95.15,84.69,59.19,85.92,4.3
107,52.54,44.78,75.8,87.18,4.36
108,93.18,42.91,76.29,73.99,3.7
109,67.05,66.88,68.81,97.44,4.87
110,94.98,66.74,88.94,59.09,2.95
111,97.04,93.74,43.76,53.18,2.66
112,83.54,47.57,88.93,80.65,4.03
113,83.22,47.4,69.69,85.5,4.28
114,72.64,48.85,48.03,53.49,2.67
115,91.78,41.78,93.14,44.6,2.23
116,98.08,44.3,78.95,88.63,4.43
117,88.75,79.59,49.81,98.59,4.93
118,81.1,65.9,42.02,78.68,3.93
119,80.34,85.82,48.47,56.67,2.83
120,92.47,99.56,76.53,99.8,4.99
121,77.06,79.54,50.76,93.6,4.68
122,90.19,43.03,53.55,70.8,3.54
123,75.44,46.27,41.51,89.52,4.48
124,53.12,92.86,83.38,88.95,4.45
125,69.2,71.65,88.62,96.09,4.8
126,72.22,89.49,87.81,90.46,4.52
127,57.08,91.4,47.65,78.62,3.93
128,55.12,95.66,94.2,76.56,3.83
129,76.77,96.99,80.34,68.04,3.4
130,54.26,73.29,93.85,77.59,3.88
131,65.15,60.46,66.83,87.71,4.39
132,87.23,97.71,66.22,98.14,4.91
133,98.22,72.84,87.07,68.04,3.4
134,85.89,43.86,45.6,74.42,3.72
135,99.63,78.57,71.25,66.69,3.33
136,84.92,75.26,90.18,80.11,4.01
137,64.69,93.75,89.81,77.8,3.89
138,83.6,79.19,97.37,41.07,2.05
139,85.11,60.94,81.9,72.47,3.62
140,68.59,97.97,52.47,45.31,2.27
141,50.89,88.1,41.22,41.58,2.08
142,85.16,77.83,68.76,87.47,4.37
143,51.09,57.58,70.82,55.52,2.78
144,81.56,62.41,54.42,60.44,3.02
145,58.18,80.2,47.48,43.85,2.19
146,78.28,44.32,75.17,50.77,2.54
147,75.2,55.4,85.86,85.94,4.3
148,50.68,82.83,99.59,69.61,3.48
149,68.14,68.8,85.5,92.84,4.64
150,80.05,64.14,87.62,63.83,3.19
151,92.43,49.09,76.99,56.12,2.81
152,94.43,66.51,99.16,60.86,3.04
153,74.19,86.24,78.4,82.77,4.14
154,86.42,55.84,91.62,73.3,3.66
155,65.82,40.32,96.75,94.25,4.71
156,67.11,80.11,95.79,76.13,3.81
157,59.72,98.36,62.88,69.58,3.48
158,78.1,76.41,44.72,87.15,4.36
159,65.73,47.2,50.31,96.85,4.84
160,54.22,59.24,43.55,61.35,3.07
161,84.25,92.06,46.32,54.99,2.75
162,85.39,53.95,51.08,76.97,3.85
163,68.0,76.46,60.47,69.93,3.5
164,53.84,64.16,72.61,99.35,4.97
165,71.31,52.47,82.7,67.74,3.39
166,72.12,88.8,52.66,44.46,2.22
167,83.43,84.57,80.35,98.64,4.93
168,65.77,79.7,82.26,90.62,4.53
169,84.13,54.18,73.52,50.7,2.54
170,93.57,45.87,94.22,94.28,4.71
171,61.87,74.57,46.66,60.44,3.02
172,98.95,73.22,50.63,62.63,3.13
173,69.32,51.3,65.72,94.38,4.72
174,63.36,43.37,47.6,71.81,3.59
175,71.08,44.84,73.98,48.27,2.41
176,54.72,99.57,63.9,62.14,3.11
177,56.29,87.02,57.08,83.33,4.17
178,70.72,95.32,50.2,50.45,2.52
179,88.12,51.7,60.12,75.41,3.77
180,95.02,97.63,76.48,81.72,4.09
181,83.24,48.56,74.55,60.63,3.03
182,55.26,70.54,49.82,81.63,4.08
183,83.6,89.78,47.5,93.05,4.65
184,81.77,60.99,41.6,68.33,3.42
185,90.29,65.49,40.75,62.97,3.15
186,91.26,47.69,92.79,55.07,2.75
187,93.41,47.38,42.71,76.25,3.81
188,70.71,77.17,83.87,92.79,4.64
189,84.89,80.53,92.32,59.48,2.97
190,63.41,86.64,45.88,63.77,3.19
191,99.97,73.4,66.18,64.4,3.22
192,58.77,78.75,97.74,73.65,3.68
193,50.51,40.81,90.05,53.7,2.68
194,57.44,49.73,69.38,89.33,4.47
195,88.79,99.09,85.75,57.74,2.89
196,72.34,44.56,90.0,82.32,4.12
197,72.38,80.73,60.88,70.79,3.54
198,97.75,50.56,93.53,75.15,3.76
199,95.98,83.0,68.23,50.78,2.54
200,65.56,82.36,71.67,84.1,4.2
201,60.45,54.05,99.98,51.32,2.57
202,92.42,56.18,90.6,46.81,2.34
203,95.3,79.29,61.71,72.8,3.64
204,77.08,63.41,40.62,82.56,4.13
205,81.47,51.67,77.57,43.0,2.15
206,62.85,83.9,82.23,44.16,2.21
207,90.04,49.25,79.05,88.16,4.41
208,81.61,91.34,98.07,88.54,4.43
209,75.18,70.88,91.78,54.72,2.74
210,53.01,46.34,66.93,76.91,3.85
211,95.8,81.64,43.77,66.59,3.33
212,80.77,71.15,68.56,77.96,3.9
213,59.63,57.88,81.35,91.77,4.59
214,80.32,65.35,76.46,44.79,2.24
215,83.87,57.9,72.29,86.68,4.33
216,76.29,55.78,68.13,69.58,3.48
217,85.91,49.82,57.63,73.85,3.69
218,79.07,61.77,56.64,79.24,3.96
219,97.39,55.06,70.01,95.36,4.77
220,52.68,81.01,49.64,43.4,2.17
221,55.31,81.03,60.44,41.77,2.09
222,58.68,70.11,59.44,50.7,2.54
223,84.51,86.68,75.23,99.19,4.96
224,82.28,90.48,44.0,82.9,4.15
225,94.6,74.79,89.78,76.88,3.84
226,86.64,77.14,73.74,42.82,2.14
227,75.42,56.97,80.25,92.75,4.64
228,99.59,93.69,82.19,88.77,4.44
229,63.31,41.45,57.49,79.89,3.99
230,91.66,60.92,68.22,60.35,3.02
231,71.34,83.31,97.37,44.23,2.21
232,82.44,44.81,86.0,74.8,3.74
233,86.36,50.99,98.17,83.18,4.16
234,81.69,75.36,84.78,45.65,2.28
235,57.03,73.6,50.54,78.03,3.9
236,72.15,84.34,43.87,57.18,2.86
237,78.07,88.76,74.66,85.85,4.29
238,92.45,47.71,61.47,72.38,3.62
239,72.18,41.1,56.53,47.74,2.39
240,95.94,81.38,88.43,71.59,3.58
241,72.02,58.08,62.02,63.74,3.19
242,77.44,77.56,59.02,50.82,2.54
243,89.81,49.03,91.0,90.49,4.52
244,79.15,68.14,90.78,40.66,2.03
245,98.01,70.27,61.38,58.73,2.94
246,83.02,75.1,89.95,40.76,2.04
247,76.14,70.79,91.05,45.76,2.29
248,51.18,69.74,65.44,57.83,2.89
249,70.69,59.96,43.99,43.26,2.16
250,64.96,44.27,40.1,75.8,3.79
251,87.41,45.37,71.4,45.21,2.26
252,60.41,66.03,60.64,82.1,4.1
253,60.26,61.35,99.83,43.16,2.16
254,59.48,70.97,86.34,43.56,2.18
255,56.28,58.29,85.68,58.32,2.92
256,65.55,81.27,97.31,93.79,4.69
257,94.3,91.84,93.26,78.48,3.92
258,88.75,57.93,59.09,86.21,4.31
259,86.76,51.58,49.96,48.49,2.42
260,89.87,46.97,84.75,90.05,4.5
261,63.47,76.98,62.7,40.49,2.02
262,94.37,66.63,68.39,52.78,2.64
263,56.87,51.28,77.82,76.97,3.85
264,66.82,79.19,94.47,62.51,3.13
265,79.34,48.91,65.15,99.05,4.95
266,55.15,73.26,87.0,41.82,2.09
267,86.51,71.63,56.1,99.92,5.0
268,69.36,84.05,81.88,77.42,3.87
269,89.22,43.31,40.09,73.52,3.68
270,74.64,93.27,92.29,43.57,2.18
271,59.04,82.18,41.82,56.4,2.82
272,86.74,52.97,82.77,95.48,4.77
273,62.61,51.0,42.78,61.25,3.06
274,74.54,65.9,55.97,79.7,3.99
275,53.78,89.05,69.83,99.97,5.0
276,80.89,90.58,65.2,55.78,2.79
277,83.29,71.23,51.51,74.56,3.73
278,68.93,91.65,60.03,81.79,4.09
279,97.72,40.33,83.66,49.88,2.49
280,93.71,42.11,80.16,48.92,2.45
281,85.4,94.71,44.31,67.38,3.37
282,85.68,86.52,84.84,63.15,3.16
283,62.62,67.04,43.18,82.85,4.14
284,82.84,85.22,72.58,44.17,2.21
285,59.91,97.34,55.6,98.33,4.92
286,57.2,86.33,75.26,40.86,2.04
287,99.97,90.54,55.68,76.08,3.8
288,81.12,85.64,99.1,73.76,3.69
289,71.55,50.09,58.58,48.08,2.4
290,64.41,90.01,54.52,49.05,2.45
291,80.2,51.71,56.71,87.56,4.38
292,52.48,93.56,93.79,93.25,4.66
293,54.73,67.52,78.17,56.98,2.85
294,51.64,80.62,83.84,66.28,3.31
295,74.96,69.83,95.08,61.3,3.06
296,80.03,45.64,94.71,44.35,2.22
297,53.12,57.44,84.34,80.39,4.02
298,86.06,99.02,51.87,89.51,4.48
299,61.52,97.64,90.6,58.29,2.91
300,84.26,59.23,52.23,99.41,4.97
301,99.09,99.78,84.57,44.55,2.23
302,84.56,90.73,81.14,79.71,3.99
303,94.16,76.66,85.53,66.89,3.34
304,97.41,42.41,71.96,66.8,3.34
305,74.34,94.09,78.32,67.46,3.37
306,85.12,73.45,97.2,55.52,2.78
307,92.6,92.11,46.07,82.93,4.15
308,67.83,90.07,58.53,83.29,4.16
309,63.07,89.98,76.68,56.94,2.85
310,97.33,81.89,97.84,90.12,4.51
311,86.32,57.48,45.73,59.01,2.95
312,60.98,60.17,41.35,83.51,4.18
313,72.45,58.51,43.34,47.26,2.36
314,89.82,41.2,43.14,50.12,2.51
315,77.35,74.95,94.47,58.95,2.95
316,82.5,81.93,83.28,75.63,3.78
317,87.69,91.23,80.63,78.73,3.94
318,81.1,48.41,71.35,63.78,3.19
319,77.0,72.65,86.92,44.67,2.23
320,87.48,40.48,49.34,62.42,3.12
321,86.38,45.71,63.52,81.33,4.07
322,81.49,43.25,69.4,80.26,4.01
323,67.99,83.53,46.62,49.61,2.48
324,70.29,44.86,65.17,40.47,2.02
325,98.52,82.99,58.99,85.18,4.26
326,55.62,54.98,42.13,46.38,2.32
327,63.43,92.66,48.2,44.94,2.25
328,74.62,88.79,85.84,40.16,2.01
329,91.84,97.47,41.08,65.96,3.3
330,58.18,93.03,96.06,70.2,3.51
331,63.85,96.0,45.19,78.26,3.91
332,53.29,91.52,87.95,57.76,2.89
333,85.3,81.6,93.92,82.63,4.13
334,61.91,50.22,96.47,50.16,2.51
335,69.43,56.3,92.05,89.92,4.5
336,72.19,52.76,57.25,74.31,3.72
337,94.57,76.22,59.99,75.03,3.75
338,70.57,70.22,65.59,52.59,2.63
339,57.26,92.02,48.36,44.45,2.22
340,76.22,97.16,41.34,67.88,3.39
341,98.15,64.29,92.15,76.94,3.85
342,80.38,70.38,73.25,45.7,2.28
343,99.17,98.29,76.52,97.03,4.85
344,92.06,56.57,95.62,98.82,4.94
345,51.8,87.54,79.91,72.73,3.64
346,82.92,53.51,81.45,97.0,4.85
347,64.34,80.89,87.22,50.77,2.54
348,77.98,55.22,46.98,41.53,2.08
349,63.97,93.02,61.61,42.36,2.12
350,67.44,73.69,98.09,75.25,3.76
351,96.16,51.16,95.38,43.7,2.18
352,60.33,53.46,93.04,97.51,4.88
353,93.71,69.63,67.13,48.52,2.43
354,51.52,97.7,91.43,58.28,2.91
355,54.54,86.18,42.9,89.35,4.47
356,92.73,69.3,48.91,53.12,2.66
357,81.53,60.26,64.84,54.58,2.73
358,87.36,72.96,69.0,78.54,3.93
359,60.47,84.9,55.81,56.57,2.83
360,76.85,87.04,61.39,53.05,2.65
361,86.86,59.48,49.77,55.25,2.76
362,81.37,83.27,69.35,69.44,3.47
363,73.58,79.47,87.63,97.97,4.9
364,97.99,97.55,79.68,89.93,4.5
365,83.81,95.87,46.47,57.08,2.85
366,95.39,87.36,69.25,61.8,3.09
367,86.49,83.4,81.86,67.87,3.39
368,86.77,56.44,71.79,98.74,4.94
369,54.0,90.76,63.5,50.34,2.52
370,67.97,65.65,77.31,61.45,3.07
371,92.92,56.33,98.12,83.77,4.19
372,61.63,63.05,45.69,97.84,4.89
373,55.78,90.16,63.4,49.34,2.47
374,66.31,48.92,64.4,53.64,2.68
375,61.02,67.37,74.62,53.54,2.68
376,96.26,69.54,49.13,41.26,2.06
377,93.4,42.2,50.6,76.25,3.81
378,74.98,51.74,57.12,80.24,4.01
379,53.07,89.6,97.35,76.15,3.81
380,85.73,89.85,84.05,44.28,2.21
381,81.17,57.54,79.7,44.15,2.21
382,98.53,92.49,89.02,52.62,2.63
383,77.95,86.31,47.65,57.42,2.87
384,66.82,65.07,91.56,87.19,4.36
385,75.95,84.9,75.69,49.56,2.48
386,98.96,97.68,60.12,42.65,2.13
387,84.82,67.54,88.95,63.64,3.18
388,83.6,54.31,88.15,64.98,3.25
389,62.03,96.51,90.74,67.05,3.35
390,87.18,76.22,46.93,89.61,4.48
391,87.51,46.32,98.16,45.88,2.29
392,65.86,74.36,97.58,82.24,4.11
393,74.19,70.03,61.45,60.28,3.01
394,64.73,91.34,43.95,58.6,2.93
395,62.94,71.84,50.02,95.95,4.8
396,51.29,55.31,99.57,54.91,2.75
397,64.26,80.54,73.78,78.55,3.93
398,77.7,72.55,61.4,56.51,2.83
399,50.08,53.98,57.29,70.43,3.52
400,64.16,74.42,55.42,87.18,4.36
401,94.07,89.29,79.85,92.9,4.65
402,79.68,41.71,65.16,90.32,4.52
403,80.39,77.85,97.92,74.93,3.75
404,70.17,60.98,81.03,54.93,2.75
405,83.82,57.56,87.52,79.67,3.98
406,59.5,63.56,57.56,82.59,4.13
407,90.94,60.52,44.75,40.64,2.03
408,55.83,89.93,69.27,66.35,3.32
409,82.8,56.49,58.87,90.6,4.53
410,67.06,83.99,52.12,69.38,3.47
411,87.38,45.64,97.16,58.68,2.93
412,77.49,97.08,66.64,92.31,4.62
413,72.62,77.34,50.48,49.35,2.47
414,58.47,82.4,51.92,52.39,2.62
415,81.84,57.88,56.84,81.24,4.06
416,98.74,64.73,99.96,61.15,3.06
417,91.28,53.43,56.08,82.78,4.14
418,53.0,95.95,59.73,49.46,2.47
419,68.81,69.29,79.56,55.14,2.76
420,96.28,77.83,57.64,49.4,2.47
421,75.15,84.06,52.95,97.17,4.86
422,83.11,62.27,49.52,64.32,3.22
423,95.63,83.21,58.76,60.23,3.01
424,93.69,80.56,46.35,40.85,2.04
425,75.09,82.34,41.12,49.21,2.46
426,71.88,69.35,88.28,65.27,3.26
427,66.98,62.98,48.27,44.11,2.21
428,85.95,53.32,86.56,70.64,3.53
429,64.35,89.48,87.85,67.3,3.36
430,62.49,76.5,72.28,86.03,4.3
431,67.81,66.66,58.58,79.59,3.98
432,58.86,96.64,48.7,66.76,3.34
433,84.76,42.87,84.21,53.48,2.67
434,80.81,91.01,76.08,83.61,4.18
435,74.14,99.85,79.33,82.47,4.12
436,69.52,93.22,40.52,49.2,2.46
437,95.45,88.63,95.65,94.89,4.74
438,51.46,62.46,43.98,43.86,2.19
439,88.46,53.88,62.01,43.3,2.16
440,95.1,84.09,64.16,51.24,2.56
441,72.32,58.27,40.08,94.57,4.73
442,77.53,50.56,69.83,71.2,3.56
443,97.22,87.19,85.17,87.28,4.36
444,60.61,58.75,89.4,53.67,2.68
445,76.01,94.87,92.76,69.41,3.47
446,73.74,90.44,69.26,61.5,3.08
447,62.92,90.86,77.84,89.67,4.48
448,90.93,86.29,44.77,41.36,2.07
449,94.98,92.85,69.28,54.63,2.73
450,89.1,88.34,49.29,49.15,2.46
451,59.77,76.15,62.18,91.55,4.58
452,54.34,57.75,59.76,68.05,3.4
453,80.27,93.29,65.41,64.25,3.21
454,52.85,90.44,74.3,66.97,3.35
455,83.64,68.37,94.17,98.32,4.92
456,76.52,42.34,63.67,91.02,4.55
457,83.14,78.31,98.87,82.38,4.12
458,79.51,43.04,85.54,57.43,2.87
459,71.14,95.58,70.69,49.91,2.5
460,60.04,97.7,78.64,95.29,4.76
461,65.29,51.37,46.13,65.38,3.27
462,76.23,80.58,90.67,56.73,2.84
463,82.59,45.54,74.94,68.26,3.41
464,88.97,83.77,99.16,95.07,4.75
465,88.36,60.84,78.19,63.22,3.16
466,98.63,80.86,90.05,73.76,3.69
467,64.29,62.37,87.99,88.18,4.41
468,53.56,48.73,60.73,65.63,3.28
469,67.28,64.37,55.58,54.01,2.7
470,87.16,46.76,65.83,99.67,4.98
471,71.91,74.61,68.03,97.39,4.87
472,90.89,42.46,54.41,90.61,4.53
473,77.47,71.64,93.68,81.3,4.06
474,96.49,93.18,72.55,57.69,2.88
475,97.39,90.27,98.71,94.8,4.74
476,53.47,92.97,88.6,56.53,2.83
477,72.82,95.32,73.34,88.05,4.4
478,80.48,46.27,96.82,95.1,4.76
479,62.79,47.72,70.29,76.18,3.81
480,70.35,73.42,93.23,88.18,4.41
481,83.88,93.64,61.49,87.5,4.38
482,61.34,98.46,62.72,51.59,2.58
483,80.1,42.78,65.09,80.08,4.0
484,84.87,61.35,72.8,45.61,2.28
485,54.52,52.77,73.21,70.47,3.52
486,74.88,85.36,69.78,49.73,2.49
487,63.15,78.41,58.36,64.98,3.25
488,86.22,47.19,95.63,89.98,4.5
489,59.48,69.01,75.32,99.23,4.96
490,94.61,81.13,64.46,59.08,2.95
491,71.55,86.74,79.07,71.92,3.6
492,59.9,41.2,86.08,70.68,3.53
493,71.9,93.43,97.64,97.26,4.86
494,70.44,74.16,69.97,68.72,3.44
495,71.45,88.71,46.73,81.95,4.1
496,79.28,88.48,66.45,95.31,4.77
497,76.06,51.39,68.74,62.4,3.12
498,57.49,46.61,93.82,94.13,4.71
499,53.28,83.28,63.69,95.05,4.75
500,86.47,49.39,97.2,95.84,4.79
501,77.99,91.0,69.11,56.23,2.81
502,67.95,83.57,98.43,64.02,3.2
503,90.42,90.51,40.49,92.22,4.61
504,69.4,57.94,93.93,61.55,3.08
505,89.8,59.0,95.87,76.02,3.8
506,65.29,80.27,97.66,47.08,2.35
507,53.64,41.89,40.78,43.38,2.17
508,96.63,83.59,50.3,64.72,3.24
509,69.73,90.15,79.23,74.73,3.74
510,89.63,64.91,41.53,63.56,3.18
511,63.96,85.89,43.82,74.66,3.73
512,82.32,50.48,53.26,70.91,3.55
513,93.67,59.34,70.75,81.14,4.06
514,52.08,98.46,72.75,78.97,3.95
515,91.53,99.18,42.06,65.45,3.27
516,78.57,70.76,50.22,65.5,3.28
517,80.37,96.06,69.98,48.45,2.42
518,76.16,71.36,75.64,70.79,3.54
519,93.72,57.5,48.9,75.23,3.76
520,52.17,56.01,63.93,68.59,3.43
521,63.05,95.77,94.26,59.54,2.98
522,93.79,50.35,99.93,83.3,4.16
523,87.62,74.78,99.23,44.48,2.22
524,50.88,73.33,92.9,94.87,4.74
525,75.85,84.38,63.68,41.24,2.06
526,76.48,69.95,81.19,97.74,4.89
527,70.04,56.34,65.0,67.74,3.39
528,64.87,50.16,78.91,64.76,3.24
529,84.09,77.25,58.57,55.39,2.77
530,60.39,83.14,76.37,40.6,2.03
531,89.95,74.17,71.43,56.49,2.82
532,90.15,84.3,41.47,46.56,2.33
533,70.76,48.49,87.44,79.59,3.98
534,64.18,92.95,40.71,59.14,2.96
535,64.19,74.94,57.59,86.03,4.3
536,74.11,47.61,40.36,52.41,2.62
537,85.98,67.72,62.57,94.01,4.7
538,67.94,90.69,43.79,71.38,3.57
539,80.5,93.85,94.81,46.87,2.34
540,69.12,55.88,64.94,64.05,3.2
541,65.23,82.68,67.57,52.41,2.62
542,51.24,46.0,60.99,51.98,2.6
543,50.2,42.01,77.65,70.38,3.52
544,61.36,73.62,87.06,80.31,4.02
545,70.32,81.69,78.89,94.7,4.74
546,92.56,87.75,84.89,70.13,3.51
547,89.92,60.41,94.36,97.95,4.9
548,63.36,40.39,91.81,96.5,4.82
549,62.23,68.77,80.44,91.9,4.6
550,61.37,40.95,52.88,70.0,3.5
551,66.96,45.52,78.26,48.45,2.42
552,74.91,59.6,70.36,53.07,2.65
553,71.93,66.23,83.03,78.86,3.94
554,60.91,56.77,89.98,65.31,3.27
555,56.52,74.91,84.56,48.81,2.44
556,50.63,43.32,90.79,68.74,3.44
557,57.7,48.67,43.83,41.05,2.05
558,85.27,81.72,41.9,84.03,4.2
559,62.18,48.53,55.51,44.41,2.22
560,73.43,78.39,94.04,77.75,3.89
561,79.57,43.28,89.42,87.58,4.38
562,94.34,64.44,80.96,47.96,2.4
563,94.44,50.64,82.05,71.12,3.56
564,87.29,46.58,83.6,86.74,4.34
565,51.76,74.02,96.56,55.64,2.78
566,78.75,95.7,89.93,49.77,2.49
567,89.33,43.29,77.4,60.21,3.01
568,50.86,65.29,79.94,73.28,3.66
569,77.48,82.45,52.82,74.52,3.73
570,92.89,67.76,79.44,47.85,2.39
571,73.71,88.39,65.48,67.45,3.37
572,50.21,50.78,49.18,56.1,2.8
573,50.55,97.58,88.38,90.52,4.53
574,70.83,63.11,70.61,58.81,2.94
575,57.75,60.49,98.65,90.32,4.52
576,83.22,92.48,56.9,65.71,3.29
577,85.44,73.83,68.84,83.6,4.18
578,58.89,70.99,66.88,70.6,3.53
579,94.43,83.62,47.25,77.32,3.87
580,72.1,74.79,65.57,63.72,3.19
581,57.14,49.75,57.25,86.09,4.3
582,88.21,80.45,49.62,65.51,3.28
583,89.5,48.01,56.93,67.45,3.37
584,81.96,88.35,54.0,71.06,3.55
585,92.67,99.38,84.04,89.91,4.5
586,86.87,62.64,41.85,79.56,3.98
587,94.11,66.69,77.05,60.95,3.05
588,71.69,42.79,85.64,80.22,4.01
589,87.38,40.82,68.84,78.55,3.93
590,99.99,95.29,95.89,95.86,4.79
591,86.25,47.72,82.47,90.48,4.52
592,55.71,66.75,84.88,78.85,3.94
593,75.92,88.92,51.82,60.49,3.02
594,79.37,93.36,86.64,86.77,4.34
595,58.71,71.16,89.93,74.51,3.73
596,98.14,73.9,61.68,99.12,4.96
597,58.78,80.18,52.8,54.85,2.74
598,58.88,97.68,63.1,44.78,2.24
599,95.76,76.16,84.38,44.19,2.21
600,73.26,73.57,65.06,78.4,3.92
601,53.16,40.87,84.2,96.36,4.82
602,79.91,44.86,46.81,40.12,2.01
603,80.09,74.63,88.36,83.55,4.18
604,53.23,96.17,55.19,79.42,3.97
605,98.63,92.0,54.94,83.94,4.2
606,77.2,98.95,75.42,61.32,3.07
607,77.99,71.67,44.21,89.23,4.46
608,76.01,87.28,41.58,42.68,2.13
609,80.54,90.42,55.66,85.33,4.27
610,63.21,78.88,72.28,56.02,2.8
611,64.36,60.32,94.46,68.61,3.43
612,75.57,68.2,90.79,89.36,4.47
613,90.33,91.48,69.43,56.28,2.81
614,52.49,57.91,42.22,51.11,2.56
615,80.17,95.42,72.12,80.88,4.04
616,90.34,53.79,82.29,72.0,3.6
617,57.85,84.97,60.35,70.86,3.54
618,50.75,77.83,46.66,55.41,2.77
619,65.64,84.98,56.71,42.09,2.1
620,79.41,66.24,86.3,64.62,3.23
621,56.91,95.96,61.07,46.39,2.32
622,71.31,77.95,88.72,94.36,4.72
623,77.62,57.3,59.17,42.48,2.12
624,79.94,78.31,49.81,65.9,3.3
625,63.72,57.21,66.15,43.13,2.16
626,70.0,57.62,67.14,45.73,2.29
627,88.92,63.98,40.97,79.53,3.98
628,97.06,91.15,47.02,78.83,3.94
629,93.09,70.02,51.1,41.98,2.1
630,78.21,80.73,46.82,40.07,2.0
631,70.51,63.52,60.49,44.73,2.24
632,66.65,55.82,97.88,85.78,4.29
633,56.25,97.28,70.55,75.07,3.75
634,55.33,76.21,77.65,42.29,2.11
635,84.42,96.04,61.38,69.29,3.46
636,62.99,52.2,59.41,82.72,4.14
637,62.73,48.81,41.39,92.14,4.61
638,99.91,91.35,70.02,96.04,4.8
639,59.4,80.86,69.02,59.65,2.98
640,57.4,51.19,49.47,48.15,2.41
641,54.93,56.16,85.86,54.22,2.71
642,78.99,88.04,69.56,86.57,4.33
643,81.39,67.23,60.34,98.29,4.91
644,68.26,80.23,48.81,67.98,3.4
645,76.77,59.1,73.13,58.32,2.92
646,89.42,62.87,85.17,65.75,3.29
647,90.91,99.44,56.92,58.29,2.91
648,97.9,54.86,53.13,55.39,2.77
649,91.21,70.39,71.32,75.63,3.78
650,78.24,90.66,49.32,40.94,2.05
651,58.98,54.35,80.0,55.57,2.78
652,54.99,64.91,76.32,79.68,3.98
653,52.73,76.91,45.22,41.92,2.1
654,83.33,68.87,42.19,44.99,2.25
655,90.38,67.57,77.22,57.6,2.88
656,75.43,61.75,57.66,92.67,4.63
657,52.74,75.2,45.19,85.89,4.29
658,76.77,77.46,85.57,41.33,2.07
659,96.79,79.2,58.84,70.1,3.5
660,79.88,44.22,67.58,56.48,2.82
661,90.47,77.86,54.21,78.92,3.95
662,90.01,97.19,77.64,83.29,4.16
663,96.61,72.46,58.09,91.77,4.59
664,88.51,82.92,98.08,68.52,3.43
665,87.39,73.4,82.18,99.67,4.98
666,61.71,91.28,48.2,98.8,4.94
667,53.0,95.77,65.0,92.93,4.65
668,75.88,51.05,63.13,74.49,3.72
669,56.22,66.21,72.05,63.88,3.19
670,98.11,63.54,90.52,61.86,3.09
671,64.5,64.31,75.01,40.73,2.04
672,92.65,47.53,43.69,54.95,2.75
673,69.38,88.82,79.32,83.13,4.16
674,66.16,42.15,40.5,76.22,3.81
675,96.76,71.69,86.8,94.99,4.75
676,68.17,79.71,80.0,43.0,2.15
677,69.51,52.45,58.53,49.32,2.47
678,55.3,94.35,57.55,87.35,4.37
679,83.52,90.31,87.9,61.51,3.08
680,64.44,68.27,87.0,47.1,2.36
681,79.28,64.67,61.14,99.79,4.99
682,79.57,54.19,57.94,87.24,4.36
683,85.96,83.8,73.59,64.52,3.23
684,87.26,47.9,40.5,89.4,4.47
685,75.72,80.81,44.96,80.84,4.04
686,66.55,90.55,47.57,87.4,4.37
687,91.87,53.71,51.12,88.91,4.45
688,65.49,91.99,70.72,45.08,2.25
689,75.38,42.0,99.53,77.38,3.87
690,70.06,94.77,79.16,40.41,2.02
691,92.75,47.1,43.68,42.61,2.13
692,71.6,78.75,71.53,94.24,4.71
693,69.3,55.0,69.8,71.65,3.58
694,84.49,90.19,48.65,84.15,4.21
695,80.12,70.74,95.22,90.31,4.52
696,55.36,48.11,66.45,96.98,4.85
697,75.41,74.26,99.67,92.16,4.61
698,86.77,64.47,65.2,69.0,3.45
699,99.6,79.69,76.48,60.16,3.01
700,81.46,92.91,46.29,49.27,2.46
701,68.51,64.56,67.25,64.02,3.2
702,61.31,57.39,54.33,61.99,3.1
703,93.64,40.87,90.13,73.57,3.68
704,90.73,74.49,87.04,79.93,4.0
705,61.7,64.14,89.45,98.7,4.94
706,60.03,62.48,83.42,83.7,4.19
707,85.76,50.98,89.96,78.62,3.93
708,65.75,65.8,52.05,60.11,3.01
709,65.32,99.07,67.12,42.07,2.1
710,57.61,57.87,81.51,57.29,2.86
711,63.2,75.98,78.24,86.11,4.31
712,71.38,86.59,82.98,52.32,2.62
713,86.64,84.95,53.46,82.73,4.14
714,66.82,59.73,45.91,74.79,3.74
715,66.43,76.65,95.01,50.31,2.52
716,64.25,92.28,73.61,55.7,2.78
717,73.91,40.93,49.23,69.78,3.49
718,59.03,66.14,87.61,65.1,3.26
719,74.28,53.46,94.9,86.71,4.34
720,85.21,63.32,50.17,84.06,4.2
721,51.49,64.96,89.04,74.47,3.72
722,50.49,84.8,95.99,89.34,4.47
723,53.76,45.63,96.3,73.76,3.69
724,76.78,70.76,94.85,97.86,4.89
725,92.72,73.85,72.79,53.03,2.65
726,50.24,69.65,61.37,82.85,4.14
727,96.83,83.91,40.44,62.2,3.11
728,55.31,63.03,43.65,56.74,2.84
729,92.1,96.7,65.73,50.82,2.54
730,74.14,68.91,63.96,73.15,3.66
731,82.97,74.27,51.08,52.93,2.65
732,75.53,89.53,63.73,52.02,2.6
733,73.85,56.51,50.48,99.43,4.97
734,91.74,44.51,90.93,88.1,4.4
735,87.79,82.47,57.89,84.9,4.24
736,74.17,68.98,75.91,87.64,4.38
737,55.58,93.79,70.17,98.14,4.91
738,55.77,98.96,43.11,74.4,3.72
739,90.08,63.95,96.53,53.21,2.66
740,76.47,64.93,71.63,91.73,4.59
741,74.08,64.48,59.5,84.56,4.23
742,84.03,59.47,49.49,64.86,3.24
743,92.94,86.9,60.31,68.41,3.42
744,81.44,85.54,41.23,64.68,3.23
745,88.14,68.72,61.81,95.8,4.79
746,88.26,42.68,71.89,60.61,3.03
747,67.81,58.57,92.31,97.81,4.89
748,63.7,57.54,81.24,94.62,4.73
749,90.06,88.67,46.69,77.83,3.89
750,68.86,45.25,48.86,74.79,3.74
751,95.17,88.34,65.69,62.21,3.11
752,53.48,80.15,51.74,41.1,2.06
753,52.91,83.95,41.67,47.66,2.38
754,96.35,65.93,88.3,85.25,4.26
755,82.42,80.78,41.17,68.29,3.41
756,68.98,76.54,89.84,48.99,2.45
757,87.75,86.14,48.65,55.84,2.79
758,83.62,66.81,98.48,96.87,4.84
759,76.56,68.37,76.23,62.03,3.1
760,54.94,78.61,84.1,94.46,4.72
761,90.61,46.48,46.63,58.28,2.91
762,93.3,66.17,91.73,72.59,3.63
763,58.61,98.32,90.35,41.23,2.06
764,92.53,42.25,79.18,71.31,3.57
765,93.89,58.96,70.14,78.22,3.91
766,77.47,58.85,83.29,54.06,2.7
767,82.81,78.01,40.36,74.74,3.74
768,69.11,46.35,75.55,78.83,3.94
769,64.09,77.71,90.84,81.21,4.06
770,86.1,45.7,61.41,86.58,4.33
771,93.09,45.7,46.5,58.68,2.93
772,82.7,83.69,65.25,74.07,3.7
773,75.58,59.45,83.63,98.89,4.94
774,57.95,98.65,46.44,93.89,4.69
775,52.67,42.24,52.36,97.16,4.86
776,72.28,66.71,48.85,63.17,3.16
777,52.47,46.79,87.82,87.22,4.36
778,78.47,61.08,43.77,77.19,3.86
779,69.14,99.89,81.2,44.96,2.25
780,87.86,93.33,61.99,89.44,4.47
781,65.28,42.9,85.35,80.63,4.03
782,79.65,73.8,97.86,51.94,2.6
783,76.88,78.87,46.87,44.78,2.24
784,50.24,52.57,58.86,90.22,4.51
785,53.62,48.71,88.61,44.73,2.24
786,64.52,94.26,55.97,45.48,2.27
787,94.11,98.13,52.91,65.64,3.28
788,57.35,99.51,89.52,48.09,2.4
789,85.54,87.39,99.22,94.82,4.74
790,98.67,79.81,73.41,68.22,3.41
791,89.53,60.74,56.68,74.15,3.71
792,62.15,50.28,63.91,95.69,4.78
793,95.42,44.74,50.21,71.82,3.59
794,54.66,81.6,85.71,61.22,3.06
795,73.41,87.08,86.41,87.83,4.39
796,94.38,89.59,92.51,66.57,3.33
797,82.06,94.83,41.6,59.11,2.96
798,70.68,92.8,73.72,83.39,4.17
799,64.64,99.98,52.86,88.1,4.4
800,68.75,54.64,60.45,87.5,4.38
801,75.45,85.8,87.1,98.66,4.93
802,65.95,75.19,51.52,87.2,4.36
803,98.45,55.67,78.3,86.2,4.31
804,96.65,98.91,79.27,91.45,4.57
805,93.53,93.87,97.25,40.01,2.0
806,71.09,47.71,86.51,61.75,3.09
807,84.57,41.57,88.22,84.26,4.21
808,95.14,81.3,71.9,75.98,3.8
809,92.52,76.25,51.21,50.65,2.53
810,70.72,96.15,65.53,58.22,2.91
811,55.62,54.04,72.97,60.21,3.01
812,53.78,45.06,80.71,74.07,3.7
813,78.85,55.55,76.46,89.9,4.5
814,82.13,41.14,63.64,95.95,4.8
815,92.49,42.15,55.92,85.01,4.25
816,64.63,94.89,50.09,90.58,4.53
817,58.37,61.12,81.63,68.21,3.41
818,68.95,64.65,78.72,63.39,3.17
819,67.68,41.1,81.24,63.56,3.18
820,56.62,56.23,62.35,76.96,3.85
821,83.61,88.28,55.74,47.45,2.37
822,75.43,76.93,85.58,74.77,3.74
823,86.06,85.23,86.42,79.91,4.0
824,67.63,66.83,67.34,66.33,3.32
825,66.29,58.58,76.71,97.19,4.86
826,73.63,68.97,62.41,76.49,3.82
827,93.87,59.38,82.12,53.2,2.66
828,52.01,90.34,90.14,68.75,3.44
829,90.24,57.86,81.29,80.52,4.03
830,68.45,79.59,70.75,59.42,2.97
831,92.73,48.22,67.52,44.78,2.24
832,90.11,81.21,78.54,75.01,3.75
833,67.44,94.8,80.79,96.87,4.84
834,84.69,76.51,73.52,69.1,3.45
835,57.98,73.59,77.5,94.37,4.72
836,94.81,97.67,45.8,90.1,4.5
837,70.22,77.64,97.11,48.84,2.44
838,72.78,55.57,87.45,82.49,4.12
839,85.29,57.54,62.44,66.13,3.31
840,91.04,82.32,73.77,55.01,2.75
841,61.82,84.13,42.84,81.22,4.06
842,83.07,58.21,42.47,84.56,4.23
843,69.6,60.72,55.05,50.79,2.54
844,68.44,99.46,81.38,94.87,4.74
845,84.5,46.12,91.13,85.07,4.25
846,69.36,64.28,73.55,96.0,4.8
847,67.31,43.75,71.93,59.02,2.95
848,91.79,89.26,64.14,96.36,4.82
849,55.06,45.54,49.7,62.11,3.11
850,83.79,80.44,47.1,43.24,2.16
851,62.44,43.39,85.64,85.78,4.29
852,50.77,80.37,95.65,82.21,4.11
853,58.34,90.58,67.5,75.87,3.79
854,80.33,63.93,79.57,69.39,3.47
855,85.46,71.33,94.87,41.93,2.1
856,51.05,64.09,45.41,77.48,3.87
857,51.82,58.03,86.23,65.01,3.25
858,95.13,88.2,77.01,73.61,3.68
859,53.67,56.32,75.92,65.76,3.29
860,94.71,83.38,57.55,97.96,4.9
861,61.41,52.37,81.03,76.25,3.81
862,87.0,54.99,87.69,84.95,4.25
863,65.49,60.19,46.77,96.18,4.81
864,92.94,75.35,72.01,75.5,3.78
865,85.02,67.27,46.08,40.72,2.04
866,70.09,84.71,92.35,42.06,2.1
867,53.82,52.81,70.46,82.14,4.11
868,86.64,40.64,88.48,56.75,2.84
869,80.84,86.59,62.09,74.76,3.74
870,50.15,89.3,47.5,52.14,2.61
871,50.47,43.57,42.49,56.21,2.81
872,90.44,76.65,56.89,70.28,3.51
873,62.97,62.69,54.65,98.53,4.93
874,81.81,87.63,73.62,76.98,3.85
875,72.71,92.46,41.3,96.17,4.81
876,93.17,91.06,71.23,97.56,4.88
877,95.85,86.63,63.51,52.49,2.62
878,99.84,56.14,74.63,58.67,2.93
879,57.68,88.71,82.15,86.2,4.31
880,93.15,72.01,78.05,92.01,4.6
881,63.3,43.17,99.08,71.15,3.56
882,79.54,67.42,48.3,99.59,4.98
883,75.29,96.53,65.78,40.69,2.03
884,50.9,93.27,65.49,57.98,2.9
885,96.64,46.14,65.02,77.39,3.87
886,53.92,84.65,79.83,68.16,3.41
887,84.41,88.35,69.39,47.0,2.35
888,89.25,56.28,71.05,62.07,3.1
889,89.76,68.3,65.94,41.53,2.08
890,56.77,82.66,99.5,78.56,3.93
891,72.38,66.34,95.65,93.56,4.68
892,91.47,46.77,58.46,93.09,4.65
893,65.13,82.35,46.7,81.97,4.1
894,73.39,94.7,90.39,67.95,3.4
895,63.64,79.15,99.83,70.72,3.54
896,73.18,86.43,57.56,48.22,2.41
897,94.39,61.5,61.47,60.46,3.02
898,72.76,50.99,96.5,51.26,2.56
899,77.8,78.57,82.67,89.27,4.46
900,70.2,59.67,57.74,94.89,4.74
901,73.01,91.6,74.86,72.22,3.61
902,50.76,47.36,96.65,83.67,4.18
903,64.19,66.01,88.71,47.29,2.36
904,71.83,63.8,84.51,76.51,3.83
905,81.69,96.28,84.22,82.17,4.11
906,72.5,49.19,50.68,67.17,3.36
907,66.89,40.59,89.48,54.6,2.73
908,69.4,54.29,56.57,92.64,4.63
909,62.11,89.22,95.82,84.57,4.23
910,96.22,52.56,61.88,93.99,4.7
911,76.09,54.45,91.46,89.1,4.46
912,50.67,47.79,55.97,99.42,4.97
913,50.97,82.93,70.87,51.53,2.58
914,98.65,44.15,46.41,45.2,2.26
915,61.07,59.87,79.61,60.22,3.01
916,90.28,56.95,90.16,47.74,2.39
917,52.91,73.31,83.11,71.39,3.57
918,96.06,83.82,71.4,77.98,3.9
919,93.72,71.97,42.71,74.7,3.74
920,78.55,95.86,96.01,55.55,2.78
921,50.45,97.09,82.33,94.53,4.73
922,62.89,61.69,84.75,41.27,2.06
923,70.34,86.66,87.68,60.88,3.04
924,73.0,84.33,84.86,83.14,4.16
925,64.88,93.58,66.47,86.02,4.3
926,51.65,66.88,84.02,64.97,3.25
927,79.51,71.83,77.5,41.01,2.05
928,76.21,64.95,91.24,77.08,3.85
929,64.15,91.02,88.15,43.79,2.19
930,51.9,53.78,42.48,46.47,2.32
931,99.73,54.38,62.73,79.02,3.95
932,74.1,62.36,42.08,58.75,2.94
933,87.8,53.82,46.12,60.88,3.04
934,72.62,73.66,76.08,69.21,3.46
935,52.16,48.07,92.43,98.71,4.94
936,65.48,59.21,47.19,97.93,4.9
937,66.01,94.81,67.07,64.98,3.25
938,91.92,64.55,94.65,55.93,2.8
939,82.71,84.89,88.86,58.16,2.91
940,63.77,46.81,71.18,56.13,2.81
941,98.39,54.85,86.29,71.93,3.6
942,66.08,88.44,71.36,76.41,3.82
943,99.91,85.78,49.49,69.33,3.47
944,99.81,63.17,47.48,64.48,3.22
945,59.56,97.26,51.3,52.68,2.63
946,65.64,94.64,61.06,68.95,3.45
947,74.3,97.74,95.83,60.47,3.02
948,83.21,65.67,87.98,72.5,3.62
949,76.4,51.85,65.97,80.51,4.03
950,98.47,77.6,69.58,78.0,3.9
951,86.2,81.09,55.94,67.75,3.39
952,60.6,47.53,82.26,73.36,3.67
953,55.25,87.19,88.17,57.09,2.85
954,84.42,41.08,54.33,41.45,2.07
955,57.92,68.96,42.51,77.5,3.88
956,89.38,59.86,77.43,55.15,2.76
957,65.55,84.42,73.75,80.14,4.01
958,66.34,58.77,64.13,84.82,4.24
959,50.54,89.61,78.63,94.96,4.75
960,85.05,75.7,73.04,97.49,4.87
961,55.66,87.63,55.03,40.63,2.03
962,88.64,99.36,63.86,99.42,4.97
963,74.59,80.75,65.69,80.98,4.05
964,89.21,99.1,92.81,78.61,3.93
965,79.2,41.73,97.65,40.91,2.05
966,54.12,60.29,93.58,91.67,4.58
967,88.28,46.47,83.15,48.73,2.44
968,53.49,55.74,75.1,90.24,4.51
969,73.94,90.33,81.36,40.93,2.05
970,58.62,41.94,96.35,78.76,3.94
971,87.62,71.21,55.0,66.09,3.3
972,95.58,74.03,72.11,52.05,2.6
973,77.71,73.67,81.38,46.45,2.32
974,76.36,68.52,80.75,66.41,3.32
975,88.2,87.44,55.14,47.4,2.37
976,50.25,48.01,75.2,69.19,3.46
977,95.89,58.63,87.75,77.51,3.88
978,59.87,76.94,68.5,89.64,4.48
979,99.21,81.46,87.6,80.72,4.04
980,86.81,64.25,61.59,43.91,2.2
981,88.71,92.52,96.33,58.45,2.92
982,82.81,64.93,72.04,57.28,2.86
983,73.58,64.17,75.76,94.9,4.74
984,78.58,42.17,41.88,92.07,4.6
985,52.32,73.07,50.22,62.21,3.11
986,81.2,82.52,77.98,44.27,2.21
987,81.3,46.87,65.19,93.65,4.68
988,94.56,58.33,70.49,93.29,4.66
989,75.28,86.88,43.78,91.28,4.56
990,53.86,61.96,90.05,90.7,4.54
991,65.31,54.5,87.07,68.82,3.44
992,82.78,80.33,51.12,50.65,2.53
993,61.96,51.81,78.06,68.65,3.43
994,64.03,93.74,89.1,69.68,3.48
995,91.02,46.34,78.45,69.4,3.47
996,79.22,82.39,58.62,72.33,3.62
997,75.43,69.97,79.37,55.46,2.77
998,65.92,92.2,52.63,61.97,3.1
999,86.55,47.57,59.1,66.05,3.3
1000,64.39,80.67,54.4,47.87,2.39
